Machine_ID,Factory_ID,Production_Line,Machine_Type,Installation_Year,Temperature_C,Vibration_mm_s,Pressure_bar,Voltage_V,Current_A,Humidity_Percent,Noise_dB,RPM,Torque_Nm,Power_kW,Runtime_Hours,Downtime_Hours,Production_Count,Utilization_Percent,Maintenance_Cost_USD,Ambient_Temperature,Air_Quality_Index,Dust_Level,Failure_Flag,Failure_Type,Days_To_Failure,Criticality_Level,Last_Maintenance_Date,Maintenance_Type,Maintenance_Team,Spare_Parts_Replaced,Timestamp,Day_of_Week,Month,Quarter,Energy_Consumption_kWh,Efficiency_Score,Battery_Backup_Status,Sensor_Health_Score,Predictive_Risk_Score,Remaining_Useful_Life
M04687,F009,4,Robot,2017,116.06,9.26,5.98,427.28,196.46,30.57,113.27,2785,689.33,366.13,25284.36,3825.16,81594,43.55,9607.0,29.7,221,32.42,0,Motor Failure,43,Critical,2024-01-14 01:23:00,Inspection,Team_6,0,2024-03-20 01:23:00,Wednesday,3,1,7395.34,54.73,Unavailable,72.81,72.36,1653
M00120,F002,4,Conveyor,2021,85.64,18.03,4.83,291.47,25.64,60.73,116.43,3099,334.54,294.84,40970.9,199.41,52441,40.92,1399.97,24.38,62,78.7,0,Overheating,87,Critical,2023-08-22 01:40:00,Inspection,Team_19,1,2024-02-06 01:40:00,Tuesday,2,1,4786.15,64.12,Unavailable,85.49,25.77,446
M03686,F083,15,Lathe,2017,80.18,18.82,7.89,434.93,23.55,44.42,52.3,4408,114.25,188.25,42290.74,2993.33,95876,77.82,15394.12,17.15,274,7.15,0,Power Failure,200,Low,2023-12-15 04:45:00,Emergency,Team_13,10,2024-05-14 04:45:00,Tuesday,5,2,5988.89,64.27,Available,89.99,98.86,1979
M02931,F038,3,Conveyor,2015,85.96,17.86,6.89,256.59,52.89,43.0,75.16,4300,20.72,321.29,43695.96,3199.62,53074,79.32,18284.25,14.47,245,69.8,0,,144,High,2024-05-15 13:47:00,Corrective,Team_4,0,2024-08-17 13:47:00,Saturday,8,3,9858.8,60.13,Unavailable,88.42,42.42,503
M00878,F004,9,Conveyor,2012,97.91,11.05,4.74,455.24,92.74,60.65,88.86,1906,874.93,309.19,40273.5,4261.92,10075,87.62,16017.34,14.53,196,91.16,0,Power Failure,332,High,2025-06-25 23:26:00,Preventive,Team_3,13,2025-11-22 23:26:00,Saturday,11,4,9964.26,67.29,Available,73.78,99.32,1809
M03775,F086,1,Lathe,2016,69.48,7.6,14.22,306.79,163.36,71.45,81.98,852,807.75,296.28,31401.96,1897.82,14295,59.93,4881.83,42.11,96,9.99,0,Power Failure,353,Low,2023-03-07 23:09:00,Emergency,Team_19,10,2023-06-22 23:09:00,Thursday,6,2,5893.3,83.36,Available,72.71,96.7,415
M03757,F002,5,Compressor,2018,79.68,13.53,13.15,382.51,166.16,69.14,111.28,3396,48.14,363.77,32585.07,4770.12,62943,93.7,14710.81,29.98,29,1.12,0,,3,High,2024-09-28 09:23:00,Inspection,Team_16,14,2024-10-30 09:23:00,Wednesday,10,4,8779.39,83.19,Available,61.67,24.93,759
M02265,F036,4,Conveyor,2016,42.06,0.42,11.45,326.5,155.32,30.49,83.56,3344,72.96,292.61,30756.89,1412.75,58945,80.05,188.28,32.27,134,6.07,0,Power Failure,10,Medium,2024-02-16 07:48:00,Inspection,Team_12,0,2024-05-13 07:48:00,Monday,5,2,2228.15,54.27,Available,80.51,63.58,251
M03254,F014,4,Lathe,2021,20.63,13.38,10.78,288.13,35.54,46.51,113.77,1392,747.66,160.55,43534.37,3696.42,14250,81.42,19930.11,21.18,124,17.67,0,Overheating,284,Medium,2024-03-30 05:48:00,Corrective,Team_13,9,2024-04-04 05:48:00,Thursday,4,2,7881.9,76.14,Unavailable,94.69,91.25,235
M03477,F013,5,Pump,2011,87.99,18.91,4.09,212.31,53.32,86.97,97.45,4269,963.77,171.54,26622.01,286.8,32232,91.6,19872.9,44.18,109,99.82,0,Sensor Fault,66,Medium,2023-06-14 08:46:00,Emergency,Team_19,13,2023-11-20 08:46:00,Monday,11,4,4362.14,72.63,Unavailable,89.31,45.82,1353
M04351,F085,12,CNC,2018,60.87,10.15,14.46,320.11,34.62,64.25,74.03,4195,708.76,493.56,31135.87,2436.63,80425,82.11,19178.82,42.6,292,3.92,0,Overheating,122,Low,2024-02-03 05:46:00,Corrective,Team_17,13,2024-07-24 05:46:00,Wednesday,7,3,1469.9,91.6,Unavailable,74.56,42.28,767
M04501,F073,10,Lathe,2020,94.28,2.48,7.19,389.8,115.01,38.03,85.55,4509,109.28,70.01,33225.99,4528.53,21019,76.02,1211.11,17.75,124,95.58,0,Bearing Failure,276,Low,2023-02-23 13:35:00,Emergency,Team_18,12,2023-07-19 13:35:00,Wednesday,7,3,3759.03,90.49,Unavailable,72.48,38.47,41
M00278,F003,4,Pump,2010,37.95,15.47,12.37,246.48,66.71,54.09,86.17,3474,870.95,88.43,37092.14,124.73,72724,92.53,17508.82,24.24,133,58.39,0,Sensor Fault,57,Low,2024-09-07 21:49:00,Emergency,Team_17,3,2025-03-01 21:49:00,Saturday,3,1,3681.59,61.47,Available,91.97,64.03,507
M00501,F012,10,Compressor,2022,74.16,0.79,8.83,370.98,49.87,35.09,94.66,1816,482.81,444.89,42479.27,482.61,28544,67.06,3483.89,25.56,70,32.06,0,Bearing Failure,137,Medium,2024-04-23 22:53:00,Corrective,Team_13,2,2024-08-14 22:53:00,Wednesday,8,3,1754.17,52.14,Unavailable,79.74,25.9,1150
M03966,F020,4,CNC,2018,74.11,16.29,11.55,441.45,179.51,30.75,64.47,3337,489.3,29.5,23317.86,1141.01,82300,60.12,7376.99,39.75,188,19.95,1,Motor Failure,147,Medium,2025-10-31 16:14:00,Corrective,Team_2,2,2025-12-29 16:14:00,Monday,12,4,7578.1,58.78,Unavailable,91.2,82.77,272
M02757,F042,16,Compressor,2011,83.17,6.2,3.79,277.21,56.95,42.72,91.07,2172,518.89,460.73,38011.72,3850.65,19901,47.63,17993.77,35.9,169,40.42,0,Overheating,155,Medium,2023-02-03 10:12:00,Corrective,Team_16,5,2023-03-07 10:12:00,Tuesday,3,1,7789.97,55.23,Available,62.87,35.52,698
M04726,F041,1,Compressor,2017,40.78,12.32,8.33,368.22,181.56,21.08,54.23,753,835.8,465.87,21309.56,634.87,56285,76.69,5296.61,12.97,23,35.12,1,Power Failure,263,Critical,2023-08-31 02:24:00,Emergency,Team_17,8,2023-12-26 02:24:00,Tuesday,12,4,3466.62,57.26,Available,63.56,76.43,846
M01980,F075,14,Lathe,2012,22.01,9.03,4.0,248.37,126.71,88.29,107.71,2821,118.37,458.2,45671.45,4552.8,16193,80.21,4404.8,29.0,120,57.34,1,Motor Failure,315,Critical,2023-04-11 02:28:00,Preventive,Team_13,10,2023-05-11 02:28:00,Thursday,5,2,594.11,65.08,Unavailable,74.39,29.36,341
M03003,F069,16,CNC,2020,109.78,13.05,11.29,479.05,137.14,33.03,66.79,846,777.77,213.01,34364.39,4244.59,92048,64.39,684.94,14.3,124,12.25,0,Bearing Failure,174,Low,2024-07-15 15:47:00,Emergency,Team_20,5,2024-09-15 15:47:00,Sunday,9,3,3450.33,61.71,Available,81.31,9.94,1950
M00512,F048,15,Lathe,2017,117.69,18.94,4.19,436.95,65.89,66.56,85.22,3561,905.4,61.62,993.1,12.66,47026,73.83,13640.23,22.11,129,33.33,0,Bearing Failure,352,High,2024-02-01 15:09:00,Corrective,Team_7,1,2024-03-05 15:09:00,Tuesday,3,1,7671.32,59.78,Available,88.53,63.21,433
M03693,F081,3,Pump,2011,97.36,8.48,2.26,345.95,116.31,49.34,109.08,792,295.2,252.8,45678.83,1039.58,17125,91.48,717.09,18.14,140,77.8,0,Bearing Failure,99,High,2024-01-15 05:46:00,Emergency,Team_19,1,2024-07-10 05:46:00,Wednesday,7,3,5117.52,96.9,Unavailable,82.39,37.51,1703
M03073,F030,12,Robot,2012,77.99,3.32,10.8,249.7,185.5,75.88,111.69,1493,448.47,99.09,434.02,4236.27,26004,47.71,11287.02,16.72,216,2.86,0,,343,Critical,2024-03-12 17:37:00,Corrective,Team_3,6,2024-03-27 17:37:00,Wednesday,3,1,5138.34,75.1,Unavailable,97.44,82.68,1592
M04480,F048,20,Lathe,2012,92.41,9.97,11.12,247.81,64.9,70.03,64.85,4450,499.34,252.04,5832.15,1763.18,19170,90.75,4427.99,20.55,35,9.42,0,Overheating,29,Medium,2025-08-12 09:37:00,Corrective,Team_4,8,2025-08-24 09:37:00,Sunday,8,3,5339.53,57.95,Available,99.31,65.44,1464
M04518,F058,6,Lathe,2022,39.54,7.25,1.95,218.28,127.23,56.73,109.76,957,870.28,335.36,22975.73,1772.94,44907,41.28,7481.46,25.87,147,13.04,0,Power Failure,54,Medium,2024-09-26 15:41:00,Corrective,Team_20,12,2025-02-13 15:41:00,Thursday,2,1,8592.32,74.29,Available,67.56,13.06,1309
M04492,F071,3,Robot,2014,111.16,19.69,8.29,295.94,36.14,38.29,109.92,2304,548.32,428.97,41078.34,3641.81,70277,85.01,6552.67,35.38,256,62.15,0,Motor Failure,322,Low,2023-10-02 19:45:00,Inspection,Team_12,7,2023-12-28 19:45:00,Thursday,12,4,5814.15,96.83,Available,61.3,81.05,1661
M03009,F072,3,Robot,2012,84.48,13.25,14.37,365.74,194.53,83.39,87.26,1176,700.37,289.02,30110.34,2961.68,3357,80.48,8645.51,30.66,24,61.45,0,Power Failure,285,Medium,2024-09-06 18:22:00,Preventive,Team_16,14,2024-10-11 18:22:00,Friday,10,4,8582.55,83.01,Unavailable,63.9,14.18,192
M03079,F087,17,Pump,2023,64.96,5.97,11.09,326.17,138.82,66.53,64.12,3133,949.74,309.42,1841.07,4913.7,9332,55.61,3194.09,19.11,111,69.39,0,Overheating,204,Low,2024-03-09 03:59:00,Preventive,Team_12,1,2024-04-15 03:59:00,Monday,4,2,3547.07,65.21,Available,79.83,70.13,1529
M00549,F033,14,Pump,2022,78.37,17.68,2.74,351.92,112.88,57.7,117.93,553,20.13,389.44,23719.25,2961.76,86420,63.63,3762.66,11.8,131,28.91,0,,167,Medium,2023-02-05 11:51:00,Inspection,Team_8,13,2023-07-31 11:51:00,Monday,7,3,6645.83,60.78,Unavailable,64.03,71.9,1920
M00773,F058,15,Conveyor,2011,59.62,9.16,6.32,437.1,156.81,64.82,68.69,863,962.37,2.39,31291.45,3190.88,97374,85.48,17284.72,20.09,52,56.32,0,Motor Failure,180,Medium,2024-02-23 16:18:00,Emergency,Team_8,7,2024-03-16 16:18:00,Saturday,3,1,2248.94,81.31,Unavailable,75.06,47.26,1356
M01487,F047,16,Lathe,2023,80.39,17.54,12.2,239.57,150.99,80.97,115.29,1654,839.34,342.03,28340.33,3416.12,64333,69.96,13636.7,33.99,203,73.56,0,,137,Low,2023-11-05 20:22:00,Inspection,Team_15,8,2024-03-29 20:22:00,Friday,3,1,2004.27,82.97,Unavailable,78.43,18.65,729
M03841,F092,4,Pump,2023,90.09,6.08,3.65,355.97,59.34,89.99,89.47,4596,715.34,335.23,47417.7,941.95,11092,97.91,11754.52,17.46,261,28.64,0,Motor Failure,275,Medium,2023-12-19 06:34:00,Inspection,Team_18,0,2024-02-18 06:34:00,Sunday,2,1,5727.61,51.8,Available,75.22,54.25,91
M02975,F020,16,Lathe,2011,30.0,2.65,11.39,426.43,189.73,48.5,105.4,1642,984.87,264.97,27910.39,959.65,2449,51.64,638.35,37.72,36,45.21,0,Overheating,162,Critical,2025-02-28 16:31:00,Preventive,Team_11,7,2025-06-14 16:31:00,Saturday,6,2,9196.25,97.14,Unavailable,75.86,66.4,583
M02695,F011,12,Pump,2016,94.38,7.06,5.64,265.97,79.18,88.62,104.62,2694,117.94,67.6,3288.08,2529.77,6258,40.13,13778.88,21.01,256,48.63,0,Bearing Failure,37,Low,2023-06-25 08:55:00,Preventive,Team_10,7,2023-09-09 08:55:00,Saturday,9,3,9456.48,87.97,Available,90.77,88.72,263
M02216,F017,7,Robot,2016,47.62,14.71,9.03,475.33,72.67,69.33,115.52,3775,815.91,164.46,22346.27,647.51,43209,63.96,1494.14,28.78,288,43.21,0,Bearing Failure,234,Critical,2023-03-22 19:11:00,Corrective,Team_6,5,2023-07-05 19:11:00,Wednesday,7,3,83.19,92.14,Unavailable,83.09,60.54,1213
M04222,F041,2,Pump,2018,119.03,18.25,2.16,380.33,90.0,53.54,56.24,2533,140.23,421.2,38067.64,3601.37,94402,90.98,9637.93,27.25,184,5.07,0,Overheating,184,Medium,2025-05-01 06:21:00,Emergency,Team_11,5,2025-05-21 06:21:00,Wednesday,5,2,509.59,74.86,Available,60.81,37.01,1789
M03286,F091,12,Conveyor,2018,119.77,3.64,12.38,358.94,27.53,49.17,104.93,2093,560.32,466.73,23489.74,4781.35,41790,90.51,13775.42,21.53,66,5.14,0,Motor Failure,162,Medium,2023-10-22 18:56:00,Emergency,Team_20,14,2024-03-20 18:56:00,Wednesday,3,1,1908.2,89.5,Unavailable,71.7,89.6,569
M02629,F079,2,CNC,2022,75.77,16.43,4.87,379.39,23.26,69.48,106.85,2981,272.05,168.89,44380.58,1662.31,34975,42.57,11420.15,31.55,130,25.5,0,Power Failure,219,Critical,2023-10-23 04:06:00,Preventive,Team_5,11,2024-03-04 04:06:00,Monday,3,1,3442.32,76.39,Available,69.79,87.82,1153
M01675,F095,13,Conveyor,2018,27.82,4.14,14.78,427.92,119.32,51.95,59.7,3974,620.25,331.02,37946.22,2347.73,28465,82.07,7276.08,20.99,132,12.67,0,Overheating,67,High,2023-06-09 23:37:00,Inspection,Team_1,13,2023-11-23 23:37:00,Thursday,11,4,1082.23,76.64,Available,67.54,70.51,1823
M03389,F083,19,Robot,2010,72.44,19.29,11.23,228.52,25.17,36.17,82.14,3921,349.68,86.63,27421.85,1741.32,27142,76.76,18934.94,17.92,183,35.06,0,Bearing Failure,47,Critical,2023-02-20 07:55:00,Preventive,Team_13,10,2023-03-07 07:55:00,Tuesday,3,1,8494.11,77.12,Available,68.4,80.61,657
M02134,F093,8,Compressor,2012,73.9,15.63,4.86,434.9,172.38,62.79,113.92,3314,239.2,187.27,47805.15,4149.65,28871,64.22,1362.71,36.84,215,31.53,0,Power Failure,147,Low,2025-03-10 11:29:00,Inspection,Team_8,14,2025-05-26 11:29:00,Monday,5,2,6818.1,81.17,Available,73.22,63.8,929
M03196,F035,17,Conveyor,2018,110.34,9.71,3.17,367.25,157.18,83.34,114.15,3971,175.05,392.96,30045.66,1634.31,17598,41.39,16040.03,27.27,226,3.66,0,,358,Low,2022-09-02 03:31:00,Corrective,Team_6,13,2023-01-21 03:31:00,Saturday,1,1,7430.82,55.46,Available,75.43,1.55,99
M01178,F028,17,Compressor,2014,75.77,6.27,8.37,455.92,110.8,58.3,60.19,4595,893.92,6.66,48141.23,3905.95,11668,63.78,19621.74,41.38,30,37.62,0,Sensor Fault,66,Low,2024-12-29 09:30:00,Emergency,Team_3,1,2025-06-18 09:30:00,Wednesday,6,2,5995.36,75.12,Available,93.5,9.69,1073
M00304,F036,6,Compressor,2014,24.44,17.57,8.26,288.71,92.82,70.23,107.86,3628,956.19,30.72,37453.44,557.85,39537,86.89,10906.31,13.57,215,91.97,0,Overheating,122,Low,2024-05-28 22:42:00,Preventive,Team_13,0,2024-10-04 22:42:00,Friday,10,4,9371.8,86.52,Unavailable,61.16,74.85,409
M01260,F059,5,CNC,2015,99.99,1.84,6.92,470.66,21.6,24.74,62.54,1505,711.23,20.26,20839.41,1863.69,38908,86.13,2846.54,31.91,232,1.93,0,,79,High,2024-03-16 05:20:00,Emergency,Team_7,9,2024-06-21 05:20:00,Friday,6,2,2148.23,88.36,Available,66.19,46.69,1311
M04584,F084,16,Conveyor,2021,65.33,10.94,5.78,477.23,142.19,48.98,76.2,4275,979.81,306.73,5944.71,1146.51,78397,64.44,14414.22,31.56,242,63.32,0,,41,Critical,2024-01-30 18:45:00,Preventive,Team_18,1,2024-04-20 18:45:00,Saturday,4,2,1938.25,61.58,Available,63.44,13.36,434
M04909,F034,7,Compressor,2015,110.25,5.57,10.34,462.14,158.06,30.52,96.62,2686,764.26,392.68,43763.28,3527.15,72225,81.53,5307.4,34.7,243,29.6,0,Overheating,122,Low,2024-04-09 12:38:00,Inspection,Team_5,12,2024-05-07 12:38:00,Tuesday,5,2,7507.91,51.92,Available,99.22,90.23,888
M04447,F001,16,Conveyor,2023,96.96,4.11,3.77,303.74,114.8,54.38,86.65,2113,834.82,177.41,34666.42,1558.13,31224,54.53,3857.11,44.62,99,13.54,0,,115,High,2025-07-13 07:24:00,Preventive,Team_12,14,2025-09-03 07:24:00,Wednesday,9,3,3407.05,80.04,Unavailable,65.64,12.7,451
M02407,F081,10,Pump,2022,90.23,15.1,12.16,419.29,72.07,49.84,95.33,2289,103.37,135.36,30779.1,3437.65,76653,67.97,7445.84,27.38,113,41.3,0,Motor Failure,49,Medium,2024-11-18 12:49:00,Preventive,Team_17,14,2024-12-15 12:49:00,Sunday,12,4,4020.57,65.55,Unavailable,82.31,10.67,1204
M04494,F054,2,Pump,2012,54.19,4.12,9.28,231.73,104.55,54.37,107.61,2652,583.83,174.17,48698.18,4424.68,70582,87.11,3097.68,30.26,267,0.38,0,Sensor Fault,47,Low,2023-03-16 09:16:00,Emergency,Team_9,0,2023-09-08 09:16:00,Friday,9,3,4420.63,71.49,Unavailable,81.07,53.36,1322
M01793,F063,3,Lathe,2019,48.47,18.91,14.89,335.66,44.34,49.04,111.67,4382,958.33,212.35,14261.45,1632.23,8882,50.98,11337.25,16.8,290,84.38,0,Motor Failure,322,Medium,2023-10-06 22:01:00,Emergency,Team_4,10,2024-03-29 22:01:00,Friday,3,1,596.28,75.47,Available,64.12,21.75,1359
M03904,F090,9,Robot,2016,32.73,8.92,3.78,284.35,175.66,86.39,92.55,2156,200.45,227.84,37636.05,2558.62,19936,81.8,6093.3,39.48,93,9.46,0,Bearing Failure,97,Critical,2023-07-15 21:55:00,Preventive,Team_14,1,2023-12-15 21:55:00,Friday,12,4,4797.0,93.12,Unavailable,93.0,65.46,1155
M01595,F003,10,Lathe,2010,55.54,8.61,4.68,239.87,183.26,36.77,75.91,2388,209.1,490.64,48680.43,4445.84,99542,91.91,6589.12,34.6,204,96.14,1,Sensor Fault,319,Low,2022-10-15 23:59:00,Corrective,Team_19,0,2023-02-19 23:59:00,Sunday,2,1,1788.99,51.4,Available,91.56,24.45,1594
M01942,F052,20,Robot,2020,112.9,6.79,6.16,210.37,142.96,83.35,55.67,3445,893.81,210.65,2183.86,1023.68,44071,76.87,18708.28,22.95,271,99.94,0,Motor Failure,189,Low,2025-03-29 14:12:00,Preventive,Team_9,4,2025-08-22 14:12:00,Friday,8,3,2465.61,58.8,Available,96.75,96.37,181
M00827,F066,9,Robot,2011,83.4,8.09,5.63,453.22,63.15,40.51,105.27,4117,29.98,197.96,23495.98,383.27,93514,78.18,4566.64,35.37,261,26.51,0,Motor Failure,226,Critical,2024-06-15 06:16:00,Corrective,Team_2,12,2024-12-05 06:16:00,Thursday,12,4,1615.75,72.52,Available,87.77,33.78,1050
M03293,F004,11,Compressor,2023,69.56,11.36,10.18,357.86,127.73,56.81,93.29,4804,253.93,347.38,37887.7,264.81,94428,98.57,18438.76,39.91,76,65.54,0,Sensor Fault,345,Low,2024-02-07 18:01:00,Preventive,Team_13,11,2024-04-24 18:01:00,Wednesday,4,2,8031.15,56.21,Unavailable,79.59,3.51,1292
M00129,F095,11,Robot,2017,119.03,2.65,14.81,306.1,72.26,22.87,92.13,4506,377.92,6.65,35172.2,1497.79,17551,77.65,19842.92,19.41,100,88.23,0,Overheating,250,High,2024-11-18 08:10:00,Preventive,Team_4,12,2025-05-09 08:10:00,Friday,5,2,37.37,59.49,Available,67.94,86.7,1068
M02187,F085,3,CNC,2019,84.96,3.91,5.48,347.38,181.91,38.59,64.52,3778,431.53,149.0,30100.73,2016.24,11969,97.01,10508.12,15.53,74,24.21,0,Overheating,63,Medium,2025-06-21 17:05:00,Preventive,Team_16,0,2025-10-02 17:05:00,Thursday,10,4,1927.13,96.19,Unavailable,86.52,60.21,858
M00567,F088,1,Pump,2021,38.21,4.44,3.19,291.84,39.84,71.36,118.78,1915,723.27,45.6,8958.74,2260.59,9229,65.5,3142.2,41.29,288,45.66,0,Overheating,290,Medium,2025-02-04 23:11:00,Preventive,Team_16,6,2025-05-03 23:11:00,Saturday,5,2,4419.28,50.69,Unavailable,80.91,54.26,259
M02085,F099,3,Robot,2022,32.75,17.76,13.06,418.78,124.46,36.82,109.29,2046,236.71,246.2,17616.78,3397.39,14702,86.69,18338.76,44.01,299,29.61,0,Motor Failure,259,High,2024-05-02 11:00:00,Corrective,Team_12,5,2024-10-07 11:00:00,Monday,10,4,4912.28,64.66,Unavailable,76.1,0.21,148
M03469,F013,1,Conveyor,2022,83.04,11.31,9.24,234.14,99.66,65.17,85.73,1439,179.05,290.42,43787.83,1411.9,68182,41.76,8879.23,36.88,88,53.98,0,Overheating,279,Critical,2024-10-14 07:13:00,Corrective,Team_4,13,2024-11-24 07:13:00,Sunday,11,4,1154.32,88.26,Available,76.99,83.35,487
M00246,F070,8,CNC,2016,71.96,15.78,6.64,387.83,157.07,38.14,64.37,4838,512.31,257.68,34757.07,4147.82,27070,57.48,13278.42,24.32,88,72.94,0,Motor Failure,191,Medium,2025-06-05 15:54:00,Corrective,Team_16,10,2025-07-10 15:54:00,Thursday,7,3,126.14,74.59,Available,85.65,43.41,574
M00522,F026,11,Pump,2019,38.71,8.15,14.65,472.58,84.69,39.21,99.74,4912,129.39,191.4,220.13,4827.12,47883,50.52,19295.69,37.84,74,93.7,0,Power Failure,100,Medium,2023-04-10 04:25:00,Corrective,Team_6,0,2023-07-11 04:25:00,Tuesday,7,3,5248.88,79.48,Available,94.89,71.64,325
M01199,F075,6,Conveyor,2016,84.96,13.83,2.32,265.48,189.14,53.94,77.61,2437,311.06,348.71,18172.5,1376.09,8239,99.15,15651.27,33.55,135,86.45,0,,232,High,2022-11-18 18:53:00,Emergency,Team_5,12,2023-05-08 18:53:00,Monday,5,2,7803.51,58.04,Available,93.69,51.12,1252
M03032,F086,6,Conveyor,2023,30.73,17.28,6.34,471.75,137.37,65.41,89.46,1904,966.25,76.38,12320.43,4188.1,60586,61.34,12460.36,21.76,196,0.25,0,,127,Medium,2023-11-08 09:54:00,Emergency,Team_18,8,2023-12-02 09:54:00,Saturday,12,4,5789.58,73.32,Available,81.87,22.64,998
M01317,F065,11,Lathe,2014,101.26,4.96,1.83,447.21,167.39,41.01,96.57,4553,533.06,104.59,19964.07,3459.25,66243,45.51,11411.91,37.39,251,17.46,1,Motor Failure,247,Low,2024-02-27 17:43:00,Emergency,Team_20,4,2024-06-28 17:43:00,Friday,6,2,5486.8,70.97,Unavailable,64.92,16.03,284
M04167,F096,13,Conveyor,2018,42.76,18.76,12.9,281.29,29.8,24.48,56.26,3665,11.45,473.13,1803.09,2166.58,49739,73.22,108.1,20.96,143,40.37,0,Power Failure,160,Medium,2023-02-18 13:31:00,Inspection,Team_1,4,2023-07-19 13:31:00,Wednesday,7,3,7106.39,93.09,Available,76.79,29.79,291
M02196,F002,12,Lathe,2021,92.94,19.88,6.45,372.72,165.18,81.7,74.24,4685,371.43,459.94,44542.68,3706.56,27319,58.09,7089.67,33.62,165,19.9,0,Sensor Fault,235,High,2024-12-13 21:39:00,Preventive,Team_13,10,2025-02-17 21:39:00,Monday,2,1,2509.72,55.21,Available,92.43,19.78,1201
M04687,F048,6,Lathe,2017,99.44,2.73,6.8,379.68,185.89,21.05,81.29,961,529.15,226.74,48076.32,4258.41,7654,63.65,1458.52,14.54,148,94.8,0,Motor Failure,358,Critical,2025-01-15 02:20:00,Emergency,Team_2,9,2025-03-14 02:20:00,Friday,3,1,3218.09,89.78,Available,70.77,5.18,1504
M02821,F053,16,Robot,2019,30.43,12.7,9.66,309.69,64.46,66.62,95.95,3443,623.23,373.7,16857.44,398.68,64437,96.41,2629.81,13.42,208,75.59,0,Bearing Failure,129,Critical,2025-06-20 22:16:00,Corrective,Team_14,7,2025-12-06 22:16:00,Saturday,12,4,4831.76,82.95,Unavailable,88.63,63.53,1543
M04217,F083,14,Robot,2022,64.87,2.45,13.87,339.89,112.82,20.28,66.48,3914,471.43,238.96,19309.52,1006.57,12053,69.16,5411.09,32.41,243,80.84,1,,295,High,2023-05-08 10:17:00,Inspection,Team_11,0,2023-10-27 10:17:00,Friday,10,4,1097.19,81.87,Unavailable,96.55,75.91,1214
M04725,F100,10,CNC,2010,60.66,18.83,14.85,474.07,198.11,89.06,61.86,1166,567.48,31.62,5202.99,4905.67,55492,42.52,14715.3,40.75,263,41.69,0,Power Failure,330,Medium,2023-06-16 06:59:00,Preventive,Team_14,2,2023-09-05 06:59:00,Tuesday,9,3,9377.38,90.83,Available,65.67,65.74,1815
M01428,F020,12,Lathe,2023,63.45,14.65,4.19,208.93,27.94,46.31,98.04,4999,66.21,265.83,34061.7,4263.24,89695,88.13,16536.69,14.7,63,46.89,0,Overheating,317,Medium,2025-04-21 12:20:00,Preventive,Team_3,9,2025-04-28 12:20:00,Monday,4,2,6820.65,72.87,Unavailable,96.91,36.98,289
M00113,F089,8,Pump,2019,77.1,17.76,5.36,421.47,47.19,57.49,114.8,682,855.47,290.32,1070.76,2922.33,10953,82.85,4204.41,13.4,291,94.93,0,Motor Failure,56,Critical,2024-11-19 18:22:00,Preventive,Team_9,1,2025-01-04 18:22:00,Saturday,1,1,1086.79,94.14,Unavailable,86.16,65.12,1387
M04257,F037,12,Compressor,2011,86.07,12.03,14.72,417.0,115.87,54.45,92.52,966,772.07,434.57,17725.67,2106.16,93699,85.17,5638.57,33.36,90,93.89,0,Power Failure,13,Medium,2024-12-09 21:35:00,Inspection,Team_11,12,2025-03-02 21:35:00,Sunday,3,1,7576.83,94.63,Unavailable,83.82,9.49,1854
M02011,F070,8,Pump,2020,84.85,0.66,6.83,460.54,105.76,63.15,85.71,2846,692.23,36.91,22024.14,38.24,11064,84.94,19367.17,10.0,199,36.7,0,Overheating,79,Medium,2023-11-02 21:39:00,Preventive,Team_14,11,2024-02-29 21:39:00,Thursday,2,1,9330.49,81.9,Available,84.24,69.41,675
M02779,F031,2,Robot,2021,94.28,15.03,14.0,358.61,197.52,45.32,75.03,976,716.87,118.82,7802.13,2570.6,79366,64.63,19940.55,31.23,278,74.4,0,Motor Failure,235,Low,2025-08-27 09:49:00,Emergency,Team_10,12,2025-11-03 09:49:00,Monday,11,4,6894.58,95.11,Unavailable,77.2,10.03,279
M02453,F083,12,Compressor,2022,116.5,16.87,7.93,337.68,56.11,71.35,76.63,3897,935.11,5.45,46890.64,2493.47,9639,86.89,17229.27,43.66,78,69.58,0,Power Failure,173,Low,2022-09-15 13:28:00,Corrective,Team_12,9,2023-02-14 13:28:00,Tuesday,2,1,7248.38,61.4,Unavailable,69.87,31.19,252
M03235,F070,3,Pump,2010,44.33,15.03,12.57,238.69,87.55,57.24,50.47,679,453.58,379.19,1825.13,3727.24,85344,61.94,13814.8,40.7,287,99.22,0,Power Failure,209,High,2023-06-12 22:16:00,Corrective,Team_10,14,2023-11-09 22:16:00,Thursday,11,4,3201.69,58.51,Unavailable,81.37,91.34,99
M00372,F054,5,Pump,2012,84.35,7.24,11.15,230.32,138.37,29.09,66.95,1883,646.45,19.51,3290.74,4780.25,61999,82.3,18769.43,39.91,135,8.13,0,Power Failure,186,Critical,2024-06-11 17:58:00,Emergency,Team_15,4,2024-08-14 17:58:00,Wednesday,8,3,430.86,90.95,Unavailable,93.06,61.58,1418
M02834,F077,18,Compressor,2019,97.73,6.19,13.19,374.03,38.73,42.74,66.24,4868,383.61,205.83,25314.92,957.96,6339,78.1,6665.8,30.41,137,68.05,0,Power Failure,114,Critical,2024-06-20 04:50:00,Inspection,Team_20,5,2024-10-16 04:50:00,Wednesday,10,4,4977.18,71.13,Available,73.36,61.0,147
M01205,F007,12,Robot,2017,98.23,19.57,3.1,319.96,87.62,72.73,105.81,4589,570.25,453.33,20075.22,2874.07,10663,40.76,10437.3,29.58,239,33.28,0,Bearing Failure,305,High,2024-04-26 20:51:00,Inspection,Team_1,9,2024-09-11 20:51:00,Wednesday,9,3,5794.62,74.93,Unavailable,96.03,4.7,1639
M01645,F002,18,Pump,2019,90.68,7.87,11.57,472.71,127.12,45.53,72.67,4300,382.26,331.66,11135.4,255.61,82482,73.21,14655.78,43.92,109,33.72,0,Sensor Fault,57,Medium,2024-05-19 20:19:00,Preventive,Team_11,4,2024-07-11 20:19:00,Thursday,7,3,4450.22,99.08,Unavailable,94.84,10.45,1726
M03935,F077,10,Compressor,2023,110.62,12.14,1.32,336.59,92.05,74.79,107.84,4910,605.35,379.66,6364.43,4838.85,49225,47.47,14209.71,19.11,226,29.41,0,,113,Low,2024-08-12 20:28:00,Emergency,Team_12,11,2024-12-29 20:28:00,Sunday,12,4,1289.77,88.84,Unavailable,98.21,82.74,1526
M04527,F096,13,Robot,2020,43.43,1.16,3.22,461.14,195.03,75.02,97.42,879,801.53,224.62,29935.73,421.37,16431,61.17,12070.04,32.7,59,42.6,0,Bearing Failure,304,Medium,2024-02-20 15:55:00,Preventive,Team_3,9,2024-05-03 15:55:00,Friday,5,2,9069.28,59.4,Available,81.69,17.69,1876
M04302,F088,12,Lathe,2023,67.47,5.38,9.63,412.62,74.52,20.58,71.1,3127,772.08,129.21,19275.43,4453.65,97306,80.17,16544.23,14.86,215,17.4,0,Motor Failure,155,Low,2024-06-21 19:12:00,Inspection,Team_19,12,2024-10-15 19:12:00,Tuesday,10,4,9008.9,59.65,Unavailable,71.82,90.59,1027
M04414,F050,5,Compressor,2016,57.3,7.73,1.53,277.86,32.96,29.88,102.16,4368,589.37,79.31,27318.05,3803.46,93755,50.14,13982.69,21.92,282,94.42,0,Sensor Fault,153,High,2024-05-08 18:28:00,Inspection,Team_13,0,2024-06-08 18:28:00,Saturday,6,2,8273.47,83.49,Unavailable,70.81,36.61,367
M02306,F095,11,Lathe,2014,58.73,8.51,10.65,456.05,153.75,74.02,52.23,867,434.46,88.14,20502.29,4245.87,6813,43.5,10164.4,12.56,168,88.22,0,Power Failure,157,Medium,2024-02-04 21:06:00,Emergency,Team_7,3,2024-07-09 21:06:00,Tuesday,7,3,8505.49,55.0,Unavailable,60.8,45.53,666
M01026,F097,3,Lathe,2020,50.93,0.05,11.03,328.97,119.84,83.75,111.44,974,177.22,461.83,36011.59,3847.89,25317,46.8,6401.07,40.61,142,30.95,0,Bearing Failure,361,Medium,2024-11-11 16:44:00,Inspection,Team_4,2,2025-01-29 16:44:00,Wednesday,1,1,3195.25,91.39,Available,88.06,27.35,156
M04290,F058,12,Conveyor,2011,99.19,11.3,14.22,455.41,93.49,43.3,83.52,1288,105.61,222.98,49356.4,4383.75,19560,76.91,10663.52,20.69,206,87.91,0,Overheating,129,Low,2025-02-25 06:55:00,Corrective,Team_1,8,2025-06-10 06:55:00,Tuesday,6,2,8787.29,86.85,Available,77.73,31.98,1194
M01387,F013,3,Compressor,2021,67.61,13.8,7.88,438.33,81.51,86.33,72.67,4707,385.44,267.3,18847.35,1375.44,79144,65.34,17985.61,10.99,98,42.63,1,Motor Failure,164,Critical,2025-01-16 08:56:00,Preventive,Team_19,7,2025-03-29 08:56:00,Saturday,3,1,5675.78,76.72,Unavailable,83.09,33.4,1341
M03597,F032,8,CNC,2016,105.66,4.2,11.36,210.74,194.19,61.93,111.68,3167,525.2,344.58,12451.51,1253.88,93135,55.17,14370.22,39.86,268,69.79,0,Overheating,330,High,2022-08-06 05:19:00,Emergency,Team_14,9,2023-01-13 05:19:00,Friday,1,1,1724.55,61.56,Unavailable,85.93,58.51,1038
M02484,F078,1,Pump,2023,78.72,12.01,11.24,202.5,20.65,87.88,56.04,2834,210.51,328.34,17983.6,1509.78,94144,63.92,3632.7,11.96,139,16.93,0,Power Failure,158,Medium,2023-02-18 14:39:00,Emergency,Team_18,0,2023-04-25 14:39:00,Tuesday,4,2,3208.66,53.79,Unavailable,78.55,58.79,963
M02030,F091,11,Compressor,2016,83.36,7.83,1.13,341.12,19.13,39.18,83.22,4125,950.43,176.49,34710.03,2540.7,47409,78.11,8623.35,26.45,121,81.89,0,Sensor Fault,336,Critical,2025-04-04 14:52:00,Inspection,Team_1,5,2025-08-11 14:52:00,Monday,8,3,1549.21,63.02,Available,77.62,24.34,621
M00961,F087,2,Robot,2014,107.03,2.62,10.31,317.04,103.95,84.53,84.43,1957,484.28,98.06,8762.53,31.6,93400,54.05,19178.28,36.23,222,62.12,0,Motor Failure,321,Critical,2023-12-01 04:21:00,Corrective,Team_16,1,2024-03-17 04:21:00,Sunday,3,1,4828.6,53.9,Available,68.77,53.62,367
M01654,F071,8,Robot,2011,39.96,8.95,2.48,311.79,176.83,74.01,71.19,1767,13.02,204.44,48685.57,1433.94,28531,83.52,17415.28,24.9,58,44.3,0,,89,Medium,2025-04-25 14:30:00,Preventive,Team_7,9,2025-07-06 14:30:00,Sunday,7,3,455.73,64.96,Available,85.17,21.89,155
M03051,F045,8,CNC,2010,35.23,10.38,10.47,413.28,124.11,75.29,94.03,3100,85.37,437.09,39379.44,2411.36,92221,62.46,12312.43,12.44,222,34.76,0,,30,Critical,2024-06-29 01:18:00,Preventive,Team_14,11,2024-09-07 01:18:00,Saturday,9,3,7289.79,97.9,Available,87.7,82.84,1725
M01995,F037,17,Pump,2021,58.41,17.47,11.0,326.64,78.33,80.67,83.02,2568,300.85,160.18,32440.15,415.95,68828,73.61,5043.47,28.74,154,46.15,0,Overheating,295,Critical,2023-07-13 21:01:00,Corrective,Team_7,12,2023-11-01 21:01:00,Wednesday,11,4,7886.8,91.47,Unavailable,87.84,26.33,6
M02049,F073,20,Conveyor,2010,101.46,6.55,13.73,366.92,137.05,35.3,104.67,1455,701.66,255.64,33085.77,1726.01,11005,83.16,19984.34,18.84,182,35.16,0,Motor Failure,159,Critical,2025-06-06 03:40:00,Emergency,Team_10,11,2025-10-28 03:40:00,Tuesday,10,4,1948.82,95.39,Available,63.73,98.1,1454
M01475,F051,1,Compressor,2016,37.2,14.01,14.78,375.39,180.51,40.94,97.18,989,856.42,14.12,17152.16,4896.37,13260,64.26,15306.93,34.05,128,8.12,0,Bearing Failure,142,Low,2023-11-02 08:21:00,Inspection,Team_15,0,2024-02-09 08:21:00,Friday,2,1,7963.22,99.74,Available,68.84,49.94,1361
M00642,F089,17,Pump,2020,105.18,15.88,2.88,427.15,75.97,38.54,86.33,2293,381.73,384.84,45919.22,493.31,5687,60.86,17341.36,24.06,270,20.0,0,Sensor Fault,347,Critical,2023-05-03 09:57:00,Inspection,Team_9,0,2023-07-30 09:57:00,Sunday,7,3,8779.68,80.5,Unavailable,81.46,66.72,180
M04479,F073,3,Conveyor,2014,45.16,1.48,5.25,460.31,50.38,25.23,68.92,3150,242.47,245.9,33574.63,4109.2,97752,54.44,18254.25,12.86,117,24.94,1,Bearing Failure,333,Medium,2023-11-11 01:24:00,Preventive,Team_14,9,2024-02-22 01:24:00,Thursday,2,1,1522.92,52.36,Available,94.73,55.1,1826
M01001,F045,12,Conveyor,2018,107.44,13.48,3.04,472.16,91.2,41.03,97.62,3099,351.34,449.11,34073.71,2099.03,77753,80.29,16959.05,12.28,283,8.81,0,,113,Medium,2025-08-09 10:34:00,Emergency,Team_6,14,2025-10-13 10:34:00,Monday,10,4,815.66,91.58,Available,64.85,0.61,1889
M04820,F092,2,Pump,2018,69.25,12.92,6.29,250.04,135.45,62.95,65.83,3455,259.81,173.55,3456.04,4611.08,4922,49.21,3633.28,32.45,25,71.28,0,Sensor Fault,341,Critical,2023-04-29 02:12:00,Inspection,Team_9,3,2023-05-14 02:12:00,Sunday,5,2,531.35,70.6,Unavailable,74.41,16.9,1376
M04235,F010,8,Compressor,2019,60.55,7.1,9.57,247.14,144.56,88.98,72.35,2598,244.54,291.04,12762.44,3554.03,5750,52.85,11758.67,27.81,157,64.73,0,Overheating,73,Medium,2023-06-25 16:59:00,Inspection,Team_13,4,2023-07-26 16:59:00,Wednesday,7,3,4949.68,82.42,Available,74.62,85.37,442
M02100,F035,2,CNC,2015,71.09,6.87,6.91,452.03,70.67,20.68,63.51,963,359.4,145.53,27548.41,2024.37,43093,87.42,16447.14,17.29,152,5.02,0,,106,Medium,2025-06-23 10:40:00,Inspection,Team_10,8,2025-11-23 10:40:00,Sunday,11,4,4847.78,72.26,Unavailable,87.66,57.51,1831
M02781,F070,9,CNC,2022,55.63,0.98,14.6,267.71,123.69,87.05,79.79,3535,824.01,183.04,30953.95,3589.19,6509,42.42,5031.74,12.95,192,55.81,0,Sensor Fault,44,High,2024-05-11 03:40:00,Emergency,Team_11,12,2024-09-18 03:40:00,Wednesday,9,3,3160.63,69.24,Available,98.85,79.63,1571
M04588,F004,6,Robot,2015,81.05,17.14,6.52,241.97,178.68,59.67,70.81,1400,883.92,304.42,22227.47,297.89,87805,93.77,10489.07,14.1,106,14.45,0,Motor Failure,254,Low,2024-04-03 10:18:00,Inspection,Team_20,6,2024-07-12 10:18:00,Friday,7,3,589.6,59.25,Unavailable,76.79,88.2,1516
M03682,F100,6,Pump,2021,80.09,16.29,9.59,209.44,60.12,56.72,117.72,2551,143.14,82.76,3550.16,4020.22,75171,61.73,4932.3,27.47,182,3.84,0,Power Failure,103,High,2023-03-19 19:40:00,Corrective,Team_9,11,2023-03-27 19:40:00,Monday,3,1,3103.5,74.02,Unavailable,85.88,8.57,1831
M00651,F029,2,Compressor,2023,29.94,14.05,13.19,297.05,128.56,89.12,86.32,4310,268.75,311.15,37411.42,3028.1,48321,42.35,12977.23,40.08,295,16.35,0,Motor Failure,211,High,2023-03-01 15:14:00,Preventive,Team_17,14,2023-06-24 15:14:00,Saturday,6,2,272.33,80.65,Unavailable,81.76,37.94,210
M01808,F098,2,Robot,2011,52.98,4.89,4.22,281.31,40.5,60.06,107.09,3342,17.16,167.2,28104.17,3655.2,40782,66.19,3128.25,41.79,50,97.24,0,Sensor Fault,134,Medium,2025-06-28 13:33:00,Emergency,Team_2,9,2025-08-08 13:33:00,Friday,8,3,8340.58,77.36,Unavailable,63.91,72.96,313
M00565,F017,19,Conveyor,2022,98.72,9.31,2.89,303.15,145.0,89.27,110.73,4049,383.93,201.67,30172.54,4208.77,87205,48.22,4550.74,39.75,200,64.33,0,Motor Failure,172,Critical,2023-01-24 00:00:00,Preventive,Team_10,8,2023-03-09 00:00:00,Thursday,3,1,8217.14,72.94,Available,60.19,95.01,359
M02552,F067,5,Lathe,2011,92.32,0.57,8.38,433.22,149.57,78.41,74.26,3512,776.99,78.51,37663.33,3142.68,48094,40.71,19528.28,29.53,256,56.57,0,,135,Critical,2024-01-20 07:26:00,Preventive,Team_6,8,2024-02-02 07:26:00,Friday,2,1,7256.53,85.98,Unavailable,61.35,15.7,1992
M01843,F047,6,Compressor,2015,57.47,3.46,15.0,304.32,76.43,77.6,62.04,3839,818.46,437.15,6064.73,2634.35,59380,41.77,3564.73,25.65,57,75.64,1,Bearing Failure,106,Critical,2024-07-14 15:15:00,Emergency,Team_4,7,2024-08-26 15:15:00,Monday,8,3,6502.84,82.56,Available,73.33,91.92,1492
M04064,F053,12,Lathe,2013,45.91,17.63,9.76,225.29,79.88,65.59,87.7,3677,869.72,277.54,19902.93,2886.11,59723,44.85,8696.95,38.78,81,37.25,0,Power Failure,209,Medium,2023-02-04 06:09:00,Corrective,Team_16,9,2023-06-21 06:09:00,Wednesday,6,2,4233.29,54.59,Available,89.8,92.99,1040
M02569,F031,20,Conveyor,2017,68.93,19.76,4.97,376.08,174.35,56.9,98.45,2460,65.69,236.12,706.78,4769.4,29430,73.91,11259.9,40.31,155,63.6,0,,254,Low,2024-12-02 18:03:00,Corrective,Team_11,6,2025-03-11 18:03:00,Tuesday,3,1,4726.01,92.94,Unavailable,96.11,99.07,182
M00226,F059,9,Compressor,2020,49.99,19.04,11.13,232.51,107.72,54.77,113.56,1621,481.25,244.57,16424.71,4697.82,14516,98.08,1429.08,14.55,283,87.21,0,Sensor Fault,182,Medium,2024-12-17 18:50:00,Emergency,Team_17,7,2024-12-20 18:50:00,Friday,12,4,4308.98,62.93,Available,86.55,77.72,170
M00565,F054,9,CNC,2020,84.53,3.23,1.02,429.9,109.59,60.34,109.07,3674,905.37,452.39,35007.95,2662.24,15678,89.65,4757.54,31.58,296,90.11,0,Power Failure,193,Critical,2024-09-07 20:58:00,Inspection,Team_15,0,2025-01-22 20:58:00,Wednesday,1,1,6878.98,85.19,Unavailable,61.04,56.7,523
M01624,F055,12,CNC,2020,67.85,14.53,12.12,317.02,146.96,80.85,66.36,2311,676.63,193.83,45803.31,801.14,87094,72.65,10143.69,38.11,51,12.71,0,Bearing Failure,198,High,2025-09-03 01:07:00,Inspection,Team_3,14,2025-10-06 01:07:00,Monday,10,4,3628.74,70.5,Unavailable,79.26,73.24,1964
M02185,F080,20,Conveyor,2015,109.82,0.39,10.76,225.1,36.16,36.32,100.06,1252,464.3,20.44,30105.9,3486.91,4937,67.33,16767.46,43.19,222,94.74,0,Overheating,99,Low,2025-01-22 06:05:00,Emergency,Team_1,8,2025-02-17 06:05:00,Monday,2,1,2373.24,63.79,Available,85.57,20.47,1008
M04282,F020,13,CNC,2021,92.13,13.32,12.96,229.12,56.19,88.25,62.36,2427,915.84,97.03,25510.73,108.29,81158,52.49,19570.74,27.46,48,0.46,0,Bearing Failure,172,Critical,2024-04-09 15:59:00,Inspection,Team_8,9,2024-04-13 15:59:00,Saturday,4,2,8874.87,73.18,Unavailable,71.19,7.93,1414
M01261,F029,5,Compressor,2016,51.48,2.18,6.69,237.45,151.13,42.46,96.02,707,686.77,191.54,2647.24,969.52,6701,74.02,12727.44,31.18,113,59.94,0,Bearing Failure,240,High,2023-04-10 02:12:00,Emergency,Team_3,11,2023-05-11 02:12:00,Thursday,5,2,8755.98,75.82,Available,67.17,38.85,1968
M02836,F077,17,Pump,2019,29.58,5.05,13.63,453.23,142.7,45.7,109.17,2619,485.14,408.38,30598.21,1596.21,1307,59.64,4198.99,41.09,119,87.66,0,Bearing Failure,284,High,2024-01-16 22:52:00,Inspection,Team_20,1,2024-05-10 22:52:00,Friday,5,2,7530.15,74.02,Available,95.48,78.14,40
M02048,F095,20,Lathe,2011,53.86,7.87,3.69,211.97,153.74,32.1,88.86,3350,154.34,434.36,47857.04,4527.27,46273,50.34,14790.58,42.58,124,88.33,0,Power Failure,346,High,2024-08-08 12:09:00,Corrective,Team_8,2,2024-09-13 12:09:00,Friday,9,3,5779.12,75.58,Unavailable,69.33,52.63,242
M00779,F027,13,Pump,2016,88.39,12.42,9.2,357.25,54.25,21.92,102.6,1083,89.43,50.14,41530.8,990.11,25997,70.15,8221.73,38.99,129,44.72,0,Motor Failure,162,Critical,2024-01-04 12:59:00,Emergency,Team_11,13,2024-01-07 12:59:00,Sunday,1,1,7953.31,97.75,Unavailable,94.96,74.3,1529
M02359,F092,9,CNC,2013,50.83,5.92,4.55,274.74,67.28,40.84,87.29,1877,831.24,220.66,30566.21,334.56,75318,78.95,12152.92,14.5,288,52.94,0,Bearing Failure,117,High,2023-10-22 21:18:00,Preventive,Team_19,6,2023-10-30 21:18:00,Monday,10,4,2238.66,51.92,Unavailable,60.26,22.21,1792
M02786,F022,11,Pump,2017,115.68,9.3,8.01,319.69,28.71,56.61,91.61,1067,958.22,365.19,11698.43,100.2,8194,93.33,4704.24,39.48,75,80.43,0,,64,High,2022-11-30 03:41:00,Emergency,Team_5,13,2023-05-07 03:41:00,Sunday,5,2,1548.96,51.68,Available,99.33,38.94,1555
M03101,F046,10,Pump,2017,117.6,7.32,8.76,248.92,22.24,28.72,80.87,1210,495.36,273.96,5676.72,629.08,70563,55.87,11097.59,23.46,110,1.54,1,Bearing Failure,94,Low,2024-06-01 16:18:00,Emergency,Team_7,14,2024-09-19 16:18:00,Thursday,9,3,6124.03,97.93,Unavailable,80.93,47.35,706
M04066,F098,4,Pump,2015,27.98,10.22,3.21,286.45,171.16,54.05,61.76,3996,299.37,251.27,2021.29,4481.78,11059,69.45,19962.13,24.31,179,28.93,1,,143,Critical,2022-09-03 13:47:00,Emergency,Team_14,9,2023-02-03 13:47:00,Friday,2,1,1476.22,90.95,Available,62.46,21.25,682
M00290,F033,11,Conveyor,2021,20.74,17.8,11.09,244.06,192.33,74.21,79.61,2407,444.48,128.85,28849.74,3772.13,12332,75.88,18617.37,36.45,173,92.55,0,Bearing Failure,295,Low,2025-07-08 18:20:00,Preventive,Team_13,9,2025-11-22 18:20:00,Saturday,11,4,4736.71,58.64,Available,65.53,65.58,201
M01561,F032,1,Pump,2014,78.26,2.34,1.23,342.82,140.99,82.9,69.74,4558,925.45,358.87,39253.4,4538.1,94637,63.35,11153.92,26.96,208,40.0,0,Bearing Failure,70,Low,2024-12-12 03:14:00,Preventive,Team_8,4,2025-05-16 03:14:00,Friday,5,2,2448.41,69.95,Unavailable,65.49,17.65,1546
M03987,F008,11,Lathe,2017,106.95,2.28,7.95,279.04,188.01,25.96,76.82,1951,799.65,403.17,32686.03,881.96,88807,81.32,13318.23,19.85,44,78.32,0,Overheating,43,Medium,2023-11-24 09:04:00,Corrective,Team_4,12,2024-04-28 09:04:00,Sunday,4,2,7591.24,91.93,Unavailable,95.8,98.3,828
M03373,F052,20,Conveyor,2013,75.89,7.79,8.04,249.95,62.21,53.21,60.72,2611,636.04,99.09,17871.49,2570.38,21190,82.86,7479.57,42.82,79,97.73,0,Motor Failure,55,Medium,2024-10-20 01:43:00,Emergency,Team_7,2,2024-12-31 01:43:00,Tuesday,12,4,8675.45,76.78,Unavailable,98.37,63.41,482
M03659,F048,17,Pump,2023,66.5,2.87,8.5,397.9,120.12,78.22,108.3,1168,877.39,101.91,37922.77,4097.42,61151,91.55,5105.88,23.24,285,25.61,0,Motor Failure,273,Low,2024-09-13 21:21:00,Inspection,Team_13,6,2024-12-03 21:21:00,Tuesday,12,4,6306.79,59.19,Unavailable,64.39,60.6,1601
M04040,F025,11,Robot,2021,84.17,4.97,12.96,411.57,147.01,82.26,91.26,3373,428.5,198.63,33527.71,1027.31,69276,57.95,6054.81,20.04,235,57.14,1,,274,Medium,2024-11-28 01:20:00,Preventive,Team_2,7,2024-12-31 01:20:00,Tuesday,12,4,6242.81,80.03,Unavailable,79.73,75.64,847
M03493,F089,13,CNC,2011,74.55,12.24,8.51,378.77,82.5,54.88,101.66,2385,334.09,171.44,44567.91,2890.98,1486,88.64,10124.3,21.69,249,46.8,0,,219,Critical,2023-12-16 22:52:00,Preventive,Team_7,8,2024-02-18 22:52:00,Sunday,2,1,6737.84,80.87,Available,93.03,35.0,301
M04529,F019,7,Conveyor,2017,21.05,13.32,2.68,340.66,142.76,44.28,107.37,1830,897.47,406.88,12867.56,969.33,13235,53.0,6396.28,11.76,81,20.31,0,Overheating,272,High,2024-12-13 02:57:00,Emergency,Team_4,0,2025-02-10 02:57:00,Monday,2,1,4156.0,77.66,Available,88.41,76.55,513
M01301,F067,6,CNC,2019,34.12,18.23,5.94,261.65,56.55,89.29,95.31,2920,606.25,264.0,34527.54,4503.91,23753,58.31,2533.65,15.02,190,82.31,0,Power Failure,352,Low,2025-09-11 02:29:00,Emergency,Team_18,13,2025-10-28 02:29:00,Tuesday,10,4,5551.99,60.6,Unavailable,87.04,87.86,1934
M02439,F037,3,Robot,2016,26.22,7.46,9.97,464.42,171.4,64.84,88.75,868,940.86,22.34,15221.77,47.22,10589,46.19,7135.24,16.08,142,56.56,0,Power Failure,288,High,2023-08-07 23:17:00,Inspection,Team_19,13,2023-09-15 23:17:00,Friday,9,3,5588.01,65.56,Available,78.0,90.66,853
M03885,F041,17,Compressor,2020,33.28,7.07,4.22,357.37,11.19,23.66,54.55,4733,312.87,494.2,49432.14,2351.96,11530,88.08,8162.17,17.63,241,2.14,0,Bearing Failure,129,Low,2024-08-14 10:39:00,Corrective,Team_10,0,2024-08-22 10:39:00,Thursday,8,3,8857.13,53.48,Unavailable,81.3,16.85,1629
M00741,F099,12,Lathe,2019,109.54,18.15,1.01,285.64,47.02,48.44,116.59,2266,711.3,26.42,31368.63,2418.36,74379,52.42,10319.86,25.85,95,28.53,0,Overheating,70,Critical,2025-01-27 23:49:00,Preventive,Team_19,5,2025-04-26 23:49:00,Saturday,4,2,4149.72,98.42,Available,90.71,82.73,874
M03715,F051,10,Compressor,2021,45.56,11.69,11.97,392.76,129.95,84.5,82.5,504,53.32,45.1,42328.35,3162.18,33538,80.28,873.96,12.7,142,25.32,0,Power Failure,286,Medium,2023-03-31 09:27:00,Emergency,Team_5,8,2023-07-20 09:27:00,Thursday,7,3,9372.04,59.53,Unavailable,80.04,77.23,1834
M01566,F083,16,Lathe,2014,29.31,2.12,7.9,464.74,111.29,71.16,98.19,1991,834.17,236.84,8315.99,3337.17,62863,91.67,7981.0,30.23,101,34.75,0,Bearing Failure,178,Low,2023-08-05 22:39:00,Emergency,Team_17,9,2023-12-01 22:39:00,Friday,12,4,1043.81,92.87,Available,81.46,10.79,57
M00297,F041,14,Conveyor,2019,111.41,13.79,8.25,373.87,82.17,53.8,65.72,780,187.64,26.67,31408.88,1438.16,50878,86.91,2280.36,25.15,152,40.06,1,Sensor Fault,50,Medium,2024-10-16 07:53:00,Preventive,Team_14,14,2025-01-28 07:53:00,Tuesday,1,1,1036.19,51.76,Unavailable,65.4,4.74,1269
M01602,F003,13,Pump,2014,57.34,9.39,14.85,320.8,38.61,24.89,65.21,3210,185.71,58.68,46286.53,1853.33,98773,78.03,19571.02,33.22,287,7.33,0,Bearing Failure,7,Medium,2025-02-25 04:31:00,Preventive,Team_16,14,2025-06-10 04:31:00,Tuesday,6,2,9131.56,61.57,Available,85.41,99.61,189
M03800,F009,1,Lathe,2017,70.19,4.41,10.88,235.68,39.35,47.56,105.9,1152,331.89,389.72,37050.56,4779.44,35203,61.1,2230.92,28.47,103,64.23,0,Power Failure,150,Low,2024-12-02 07:11:00,Preventive,Team_7,6,2025-03-24 07:11:00,Monday,3,1,1031.32,86.48,Unavailable,80.31,53.62,1712
M03336,F081,11,Lathe,2021,72.81,15.48,14.62,420.29,121.57,20.42,101.05,4406,649.63,314.86,5243.69,1712.92,92059,45.42,3510.92,37.98,51,0.14,0,Overheating,119,Critical,2024-03-29 14:06:00,Corrective,Team_20,4,2024-06-13 14:06:00,Thursday,6,2,5896.7,91.3,Unavailable,73.74,55.51,180
M02683,F036,13,Lathe,2013,94.35,16.76,8.11,241.62,72.85,70.25,103.35,4517,482.85,424.63,34661.85,2216.84,3905,64.79,8329.26,28.61,220,72.66,0,Motor Failure,158,Low,2025-02-21 09:08:00,Emergency,Team_17,13,2025-06-11 09:08:00,Wednesday,6,2,1723.34,84.04,Available,83.57,50.73,320
M02742,F071,19,CNC,2010,107.39,15.39,5.31,220.63,104.51,57.63,76.87,1850,975.1,91.29,39596.08,441.57,36053,74.38,16513.87,20.75,116,10.44,0,,122,Critical,2023-12-13 01:51:00,Corrective,Team_1,4,2024-05-02 01:51:00,Thursday,5,2,4028.47,86.97,Unavailable,76.42,3.27,1909
M03051,F075,14,Robot,2017,89.77,2.74,13.05,364.39,15.66,36.23,55.16,3178,252.96,270.61,26870.84,3197.01,88108,60.23,13555.51,11.06,216,90.41,0,Sensor Fault,230,Critical,2023-09-12 08:33:00,Emergency,Team_9,7,2023-10-13 08:33:00,Friday,10,4,1584.79,76.71,Available,65.46,90.08,751
M04200,F075,2,Pump,2021,110.3,15.7,6.02,208.51,129.86,70.99,111.88,891,872.33,64.83,607.63,1498.26,32276,93.33,7204.59,41.04,29,77.35,0,,103,Medium,2024-07-17 13:13:00,Inspection,Team_4,12,2024-10-01 13:13:00,Tuesday,10,4,1871.84,68.93,Available,67.89,1.34,1733
M02781,F046,9,Conveyor,2022,102.96,15.09,14.46,412.22,41.14,56.83,63.27,3144,472.24,1.59,26172.11,2848.32,51976,76.31,19166.14,22.78,264,79.66,0,Overheating,2,Low,2023-10-21 20:00:00,Preventive,Team_20,14,2024-04-13 20:00:00,Saturday,4,2,3312.15,99.25,Unavailable,71.81,69.04,703
M04076,F072,15,Lathe,2018,23.53,8.4,1.91,336.39,19.65,40.64,103.32,3801,194.64,481.82,5404.43,3277.81,48571,90.64,3934.02,13.11,80,48.66,0,,172,High,2023-09-23 07:04:00,Corrective,Team_12,12,2023-11-01 07:04:00,Wednesday,11,4,1614.3,53.24,Available,70.98,86.4,745
M04279,F004,11,Lathe,2010,45.74,19.73,5.9,217.8,186.32,58.11,66.33,4630,360.19,356.27,21139.02,1897.54,21794,78.19,3167.75,10.65,65,10.51,0,Motor Failure,241,High,2025-04-13 10:10:00,Emergency,Team_7,11,2025-04-17 10:10:00,Thursday,4,2,1105.8,58.85,Unavailable,71.83,1.77,483
M03093,F013,16,Lathe,2017,36.31,14.8,14.34,254.05,55.88,30.78,115.31,2512,412.62,278.41,38622.55,4529.07,26575,81.41,7030.84,41.47,284,17.5,0,Bearing Failure,7,Critical,2023-08-11 18:11:00,Inspection,Team_13,2,2023-12-30 18:11:00,Saturday,12,4,7478.69,60.75,Available,94.79,19.35,707
M04989,F050,8,Lathe,2011,76.22,19.82,14.69,423.58,133.24,23.49,93.59,1611,288.21,391.31,23457.34,2745.59,42723,79.26,14040.62,14.73,209,7.76,0,Bearing Failure,163,High,2024-11-11 09:34:00,Inspection,Team_13,1,2025-04-09 09:34:00,Wednesday,4,2,5508.45,50.67,Available,71.9,30.52,1795
M01895,F031,10,Conveyor,2010,67.73,6.53,1.89,229.36,125.11,28.09,73.07,3832,907.41,478.78,22625.92,42.9,59860,59.27,16456.82,39.83,131,84.96,0,,315,Low,2025-06-12 16:16:00,Inspection,Team_4,10,2025-10-06 16:16:00,Monday,10,4,9407.79,56.22,Available,94.61,55.9,1114
M04113,F070,11,Compressor,2022,28.57,10.96,11.56,222.46,141.78,68.85,52.34,2156,517.33,405.21,40938.15,1661.64,84937,91.26,10260.71,10.56,266,8.78,0,Motor Failure,193,Medium,2023-10-28 04:41:00,Emergency,Team_4,14,2024-03-21 04:41:00,Thursday,3,1,2473.57,50.58,Unavailable,73.15,46.33,1487
M03985,F008,17,Lathe,2018,112.55,1.5,6.69,303.9,60.75,60.01,78.12,4725,440.25,137.0,7368.84,754.11,70285,43.29,14912.86,22.57,105,98.04,1,Overheating,59,Critical,2023-10-03 18:12:00,Inspection,Team_7,3,2023-12-17 18:12:00,Sunday,12,4,1828.93,54.51,Available,91.71,61.9,942
M03165,F067,20,Robot,2014,46.35,13.5,6.07,321.95,37.08,66.36,107.96,1842,225.07,24.35,30535.95,3210.77,52228,41.19,3843.63,14.98,81,29.96,0,,4,Medium,2025-06-04 07:47:00,Inspection,Team_18,12,2025-11-26 07:47:00,Wednesday,11,4,9915.06,55.73,Available,96.72,88.01,1590
M03254,F073,14,Compressor,2019,21.42,17.66,8.58,396.9,117.62,80.54,105.35,4404,311.76,330.85,40043.72,2284.76,43894,64.28,14962.28,38.52,140,82.85,0,Sensor Fault,124,High,2023-05-24 18:07:00,Preventive,Team_1,1,2023-06-23 18:07:00,Friday,6,2,7678.67,74.87,Unavailable,66.32,18.45,546
M03431,F062,1,CNC,2018,87.99,10.61,2.16,317.28,138.68,59.61,57.68,1233,908.25,51.8,38388.5,1752.13,90040,45.0,12314.45,31.83,208,85.56,0,Sensor Fault,231,Low,2023-04-14 16:55:00,Inspection,Team_5,0,2023-04-22 16:55:00,Saturday,4,2,9447.01,71.95,Unavailable,95.1,33.79,1563
M03574,F024,20,Robot,2011,64.55,4.63,11.11,356.19,185.0,49.02,119.29,4343,751.0,40.18,27399.73,1277.86,52459,58.42,16671.68,31.49,173,84.18,1,Power Failure,73,Medium,2023-02-12 22:17:00,Corrective,Team_5,5,2023-05-26 22:17:00,Friday,5,2,3513.44,99.44,Unavailable,87.73,87.82,905
M04344,F072,7,Lathe,2018,84.9,9.11,3.26,265.83,107.47,66.54,62.54,1450,966.43,402.99,22501.06,4395.04,24802,62.61,9128.1,37.14,267,86.27,1,Motor Failure,172,Critical,2023-01-01 15:44:00,Corrective,Team_9,5,2023-06-28 15:44:00,Wednesday,6,2,6881.48,65.63,Unavailable,63.71,61.44,981
M02325,F052,11,Pump,2017,34.11,17.65,1.68,408.31,102.39,42.2,64.65,1794,690.69,139.12,36889.51,3021.13,41867,46.37,18135.15,42.01,115,41.66,0,Overheating,140,Medium,2023-07-26 08:41:00,Emergency,Team_15,14,2023-10-19 08:41:00,Thursday,10,4,3244.56,62.22,Unavailable,70.91,54.24,241
M00340,F031,13,Pump,2021,67.29,6.15,5.52,301.05,155.96,71.24,85.93,3093,333.34,119.55,42883.85,1167.0,39069,65.02,3183.64,18.41,188,33.11,0,Overheating,301,Critical,2023-12-17 13:48:00,Preventive,Team_4,1,2024-01-25 13:48:00,Thursday,1,1,6148.58,93.7,Available,84.83,23.93,1578
M03481,F050,20,Pump,2023,44.68,0.04,7.07,409.34,12.25,39.08,76.42,1660,709.0,74.62,16010.56,4062.68,84886,97.43,17616.15,33.99,59,35.08,0,Power Failure,168,Medium,2023-12-24 20:33:00,Inspection,Team_14,3,2024-04-22 20:33:00,Monday,4,2,8911.91,60.63,Available,79.59,58.86,57
M02474,F017,7,Compressor,2016,22.86,4.11,8.36,299.8,9.41,67.42,85.08,3027,408.1,463.76,42916.78,3279.64,61365,71.74,301.96,43.78,83,86.63,0,Sensor Fault,297,Critical,2023-06-27 10:47:00,Inspection,Team_2,11,2023-06-30 10:47:00,Friday,6,2,3253.01,77.07,Available,87.32,88.2,1971
M00943,F053,6,Robot,2021,58.05,16.03,7.71,316.95,171.2,32.15,102.0,4942,415.46,47.69,21789.08,2636.89,94819,58.75,7409.63,29.34,56,87.18,0,Bearing Failure,99,High,2024-05-03 01:49:00,Corrective,Team_19,6,2024-09-30 01:49:00,Monday,9,3,6297.28,52.71,Available,86.48,78.99,1296
M01031,F086,15,Pump,2011,83.04,9.74,2.79,464.93,109.33,76.75,109.38,2350,548.88,51.39,21826.0,3257.28,81843,91.72,6959.15,22.24,96,32.69,0,Motor Failure,112,Medium,2023-10-19 11:18:00,Inspection,Team_3,13,2024-02-24 11:18:00,Saturday,2,1,5812.45,81.13,Unavailable,65.25,63.03,1126
M01020,F075,11,Conveyor,2012,68.24,14.31,2.49,449.63,65.18,62.57,75.97,3740,441.01,409.37,38801.69,3105.78,99255,83.84,7529.31,14.47,177,80.7,0,Bearing Failure,330,Medium,2023-12-11 05:51:00,Emergency,Team_6,1,2024-03-05 05:51:00,Tuesday,3,1,8456.48,55.86,Available,89.99,84.14,1608
M01190,F014,15,Compressor,2019,32.77,19.72,4.19,203.41,17.91,42.05,74.81,818,922.93,366.68,23518.95,2810.02,63097,44.28,13985.11,12.39,57,45.44,1,Power Failure,14,Medium,2023-07-17 02:01:00,Inspection,Team_13,9,2023-07-27 02:01:00,Thursday,7,3,8070.23,50.11,Unavailable,75.7,60.11,84
M00089,F034,17,Conveyor,2016,86.25,18.45,6.57,325.2,140.9,64.37,119.07,3288,756.15,71.49,25001.83,1722.64,86388,65.45,508.05,26.17,105,7.82,0,,346,Medium,2023-06-22 03:10:00,Preventive,Team_1,8,2023-10-04 03:10:00,Wednesday,10,4,6507.44,66.74,Available,74.13,33.7,474
M00258,F018,6,Pump,2016,84.76,14.73,12.74,432.24,112.48,62.18,87.92,1370,305.45,189.83,36081.75,2320.48,14984,63.24,2760.41,20.54,283,95.39,0,Sensor Fault,45,Critical,2023-09-27 00:26:00,Preventive,Team_17,8,2024-02-29 00:26:00,Thursday,2,1,7955.58,88.16,Available,98.49,41.84,1210
M02253,F077,19,Pump,2022,28.45,13.9,4.84,362.26,18.33,84.63,89.49,3931,865.84,205.95,42515.93,4885.34,78455,84.44,3192.16,21.34,208,33.21,0,,178,Critical,2024-11-23 20:47:00,Preventive,Team_18,3,2025-01-04 20:47:00,Saturday,1,1,5578.3,71.3,Available,66.82,19.02,1264
M01181,F013,7,Lathe,2020,50.18,4.08,14.98,462.65,184.08,50.73,95.21,908,333.68,482.64,7625.15,2123.48,81542,89.61,19696.72,16.3,250,80.09,0,Motor Failure,180,Medium,2022-10-08 23:35:00,Corrective,Team_14,8,2023-03-03 23:35:00,Friday,3,1,3044.78,85.82,Unavailable,75.61,16.46,712
M03595,F052,3,Conveyor,2011,48.96,0.16,1.39,360.54,57.73,30.84,101.7,4194,392.14,17.37,38237.34,1103.25,6345,84.78,12085.47,26.32,226,95.78,0,Overheating,72,Low,2025-03-17 20:21:00,Corrective,Team_16,2,2025-07-28 20:21:00,Monday,7,3,4266.99,65.14,Available,70.73,69.19,432
M01999,F035,5,Compressor,2011,39.83,10.35,7.96,247.99,28.47,41.45,105.58,4320,107.04,341.43,41008.21,2509.81,41882,67.39,18754.29,22.75,30,30.6,0,,187,High,2023-12-28 07:07:00,Inspection,Team_2,7,2024-04-21 07:07:00,Sunday,4,2,9994.67,59.38,Available,98.71,68.44,1218
M02475,F034,9,Conveyor,2023,64.61,11.73,12.96,325.85,37.38,20.95,75.56,4689,926.28,217.76,40357.25,3558.6,78172,61.58,345.06,39.28,132,53.07,0,Motor Failure,23,Critical,2022-10-17 17:30:00,Corrective,Team_15,14,2023-03-21 17:30:00,Tuesday,3,1,9406.69,56.31,Available,95.83,47.39,1396
M03786,F011,4,Pump,2019,44.92,13.02,4.72,470.17,54.96,65.91,104.34,559,820.62,221.28,4948.37,1118.46,42010,73.82,2020.76,41.81,200,52.22,0,Sensor Fault,127,High,2023-11-17 11:24:00,Preventive,Team_5,13,2024-01-15 11:24:00,Monday,1,1,7699.06,96.3,Unavailable,79.76,73.6,1588
M01043,F038,20,Lathe,2010,106.44,4.59,9.68,401.06,44.8,55.95,118.63,4378,321.78,404.25,9021.06,691.18,39182,81.54,1437.77,27.96,274,33.58,0,Motor Failure,30,High,2023-06-04 06:59:00,Emergency,Team_20,0,2023-07-20 06:59:00,Thursday,7,3,8598.61,90.79,Unavailable,73.64,47.11,12
M03932,F002,12,CNC,2012,115.97,19.97,4.28,252.89,157.19,69.57,115.3,2881,685.49,469.15,28719.19,462.89,80437,98.06,11080.64,12.28,43,38.8,0,Power Failure,16,High,2023-06-02 08:03:00,Inspection,Team_17,7,2023-09-22 08:03:00,Friday,9,3,57.03,82.56,Unavailable,87.56,89.96,1737
M03823,F043,15,Lathe,2016,63.78,4.79,14.12,322.42,100.0,75.15,72.75,1271,455.03,342.1,34796.58,2891.94,81483,95.8,11830.8,18.21,137,14.72,0,Sensor Fault,180,High,2023-10-04 11:12:00,Emergency,Team_19,1,2024-03-28 11:12:00,Thursday,3,1,1315.28,85.44,Unavailable,86.64,40.75,383
M00481,F030,9,Robot,2013,84.4,14.4,12.55,354.52,162.54,33.9,55.99,2841,987.75,243.97,34869.48,849.92,66078,55.03,16162.36,36.32,99,1.91,0,Bearing Failure,157,Medium,2025-08-22 15:42:00,Emergency,Team_8,4,2025-12-04 15:42:00,Thursday,12,4,1696.83,92.88,Available,81.77,74.59,132
M02733,F055,6,Compressor,2022,86.54,11.12,8.02,296.42,15.74,50.27,89.27,3570,263.54,106.55,36333.96,707.09,78379,40.91,3657.66,39.1,83,89.36,0,Motor Failure,143,Medium,2025-06-05 04:18:00,Inspection,Team_18,1,2025-11-19 04:18:00,Wednesday,11,4,7368.61,81.09,Available,65.57,22.16,1764
M01244,F008,10,CNC,2019,73.73,7.96,5.84,474.43,157.44,80.61,77.42,4156,284.77,276.96,40001.16,1344.25,30951,94.51,15586.83,41.18,41,48.56,0,Sensor Fault,336,Medium,2023-07-01 19:17:00,Corrective,Team_17,2,2023-08-13 19:17:00,Sunday,8,3,7707.07,66.96,Available,86.77,72.2,1600
M00598,F003,15,Compressor,2020,41.75,7.56,4.45,468.97,7.41,35.28,102.57,2020,19.99,471.89,452.74,2487.0,44337,88.68,15626.47,32.67,107,7.0,0,,227,Medium,2023-03-19 03:41:00,Preventive,Team_19,5,2023-04-30 03:41:00,Sunday,4,2,9075.46,85.27,Unavailable,89.89,17.1,211
M01841,F087,11,Compressor,2019,73.48,17.7,9.46,373.94,147.5,85.28,79.38,1795,460.01,391.75,9232.7,743.6,86347,78.79,6494.08,31.69,104,7.11,0,Sensor Fault,118,Low,2024-10-08 22:31:00,Corrective,Team_14,0,2025-02-28 22:31:00,Friday,2,1,3622.8,58.96,Unavailable,65.66,92.49,1813
M04224,F088,7,Conveyor,2021,40.66,9.83,9.37,290.21,70.4,51.87,75.04,1936,209.57,252.33,12730.62,326.24,61600,96.73,516.72,28.76,140,62.8,0,Bearing Failure,312,High,2022-11-21 09:12:00,Inspection,Team_4,8,2023-04-13 09:12:00,Thursday,4,2,5830.51,51.42,Unavailable,77.09,45.35,1239
M03959,F047,1,Lathe,2015,46.5,18.77,9.87,359.96,27.45,67.08,105.59,4946,468.41,133.76,16136.47,3806.35,26425,53.63,2868.63,20.2,92,72.47,0,,131,High,2024-03-06 20:07:00,Corrective,Team_9,3,2024-07-11 20:07:00,Thursday,7,3,7965.99,94.88,Available,74.39,5.1,344
M03945,F023,16,Lathe,2020,64.86,10.64,13.14,341.64,190.09,24.42,101.23,3553,954.1,242.78,28286.96,3223.92,7834,92.81,8429.27,34.75,274,51.42,0,Sensor Fault,169,High,2024-09-20 13:34:00,Preventive,Team_9,0,2024-10-23 13:34:00,Wednesday,10,4,8072.78,98.43,Available,79.2,25.12,1684
M01472,F006,14,Compressor,2021,72.34,5.95,1.22,479.96,64.21,87.51,98.32,1841,718.14,108.94,31888.01,2696.76,11529,46.94,6018.38,23.48,273,33.78,0,,95,Critical,2025-04-23 03:15:00,Inspection,Team_19,5,2025-07-18 03:15:00,Friday,7,3,7083.07,90.97,Unavailable,68.57,50.26,596
M02279,F084,4,Compressor,2015,83.09,15.0,12.31,462.53,14.53,47.21,110.88,3196,744.11,461.62,778.88,3876.8,6769,53.78,13247.07,11.7,218,59.57,0,,10,Low,2023-09-15 19:12:00,Corrective,Team_7,5,2023-11-18 19:12:00,Saturday,11,4,7560.59,73.54,Available,65.96,54.35,699
M04538,F001,2,CNC,2012,22.04,18.13,9.33,286.98,196.89,77.16,58.99,1729,602.22,484.29,43144.76,3293.44,51776,74.0,1676.57,27.76,241,97.86,1,Bearing Failure,42,High,2023-07-06 23:27:00,Emergency,Team_8,0,2023-07-16 23:27:00,Sunday,7,3,1695.1,67.53,Unavailable,60.79,94.13,964
M03398,F032,15,CNC,2018,59.97,5.74,14.41,291.33,28.92,21.86,87.84,3210,984.78,14.36,47308.51,2217.56,33470,46.95,4440.55,35.08,131,50.3,1,Bearing Failure,328,Low,2024-10-20 02:23:00,Preventive,Team_1,12,2025-01-29 02:23:00,Wednesday,1,1,3445.22,80.28,Unavailable,67.44,57.8,15
M00836,F089,4,Lathe,2015,77.95,12.62,3.28,363.54,100.93,89.14,78.84,3756,477.66,183.66,46576.8,4359.35,29985,90.41,1153.35,44.82,28,13.4,0,Motor Failure,283,Medium,2025-06-29 04:35:00,Corrective,Team_11,0,2025-09-01 04:35:00,Monday,9,3,1535.47,56.13,Available,90.99,5.22,708
M00206,F087,9,Conveyor,2021,79.1,3.88,10.23,477.08,74.48,78.57,105.59,4273,172.49,101.87,26329.7,3301.65,16065,61.69,15636.12,30.35,101,15.55,1,,360,Critical,2023-05-16 13:15:00,Preventive,Team_13,12,2023-08-11 13:15:00,Friday,8,3,8075.74,86.58,Unavailable,70.44,2.03,1805
M02516,F024,20,Compressor,2012,76.94,15.69,4.15,414.18,142.16,56.05,108.76,4047,541.23,163.37,9839.8,2108.36,7673,93.15,9893.25,23.57,40,7.69,0,Power Failure,302,Low,2024-11-24 11:16:00,Corrective,Team_8,14,2025-01-05 11:16:00,Sunday,1,1,5854.77,69.9,Available,76.6,91.31,1932
M03943,F072,16,CNC,2019,52.53,5.45,10.17,403.58,55.2,21.25,69.88,3358,108.04,487.87,235.26,1504.7,13961,97.13,8075.27,12.93,99,55.21,0,Power Failure,189,Low,2023-01-04 14:27:00,Inspection,Team_18,14,2023-03-28 14:27:00,Tuesday,3,1,6622.57,57.55,Available,97.08,55.35,96
M01308,F075,15,Pump,2023,51.53,15.08,5.99,342.31,159.44,46.83,58.02,1498,700.69,214.1,7409.43,4837.77,82293,44.26,690.63,39.5,126,99.19,0,Bearing Failure,302,Critical,2023-05-30 05:28:00,Corrective,Team_13,14,2023-07-20 05:28:00,Thursday,7,3,5108.89,82.83,Available,81.59,7.24,642
M01166,F045,7,Compressor,2017,93.68,0.24,13.02,316.8,37.72,54.91,119.05,1753,183.05,312.97,26522.65,1622.4,73727,46.81,7736.47,35.35,255,90.91,0,Sensor Fault,88,High,2023-04-13 02:11:00,Emergency,Team_18,0,2023-08-28 02:11:00,Monday,8,3,53.8,89.98,Unavailable,82.07,69.26,446
